﻿eval_scheme,task,model,target,metric,mean,std
KFold,Task_A: 5->UCS,MLP,单轴抗压强度(MPa),R2,0.7537312541038796,0.23509752951421128
KFold,Task_A: 5->UCS,MLP,单轴抗压强度(MPa),RMSE,0.9313312468619431,0.37314928664826036
KFold,Task_A: 5->UCS,MLP,单轴抗压强度(MPa),MAE,0.750144725575478,0.2857719338747975
KFold,Task_A: 5->UCS,SVR,单轴抗压强度(MPa),R2,0.8367840173688137,0.16025379115172522
KFold,Task_A: 5->UCS,SVR,单轴抗压强度(MPa),RMSE,0.7736284975175949,0.17919188286400903
KFold,Task_A: 5->UCS,SVR,单轴抗压强度(MPa),MAE,0.6375548608422633,0.18621634184886562
KFold,Task_A: 5->UCS,Random_Forest,单轴抗压强度(MPa),R2,0.9552312377319462,0.05039370068195802
KFold,Task_A: 5->UCS,Random_Forest,单轴抗压强度(MPa),RMSE,0.35740169756226975,0.31676448620960185
KFold,Task_A: 5->UCS,Random_Forest,单轴抗压强度(MPa),MAE,0.17006952380954155,0.1336759188406876
KFold,Task_A: 5->UCS,XGBoost,单轴抗压强度(MPa),R2,0.927140396261844,0.06539171520528635
KFold,Task_A: 5->UCS,XGBoost,单轴抗压强度(MPa),RMSE,0.4766310963173045,0.36461651681757734
KFold,Task_A: 5->UCS,XGBoost,单轴抗压强度(MPa),MAE,0.23390069144112724,0.1597975627804469
GroupKFold(UCS),Task_A: 5->UCS,MLP,单轴抗压强度(MPa),R2,0.0,0.0
GroupKFold(UCS),Task_A: 5->UCS,MLP,单轴抗压强度(MPa),RMSE,1.16532639146323,0.4858338458685641
GroupKFold(UCS),Task_A: 5->UCS,MLP,单轴抗压强度(MPa),MAE,1.0407345792246172,0.5389660898382009
GroupKFold(UCS),Task_A: 5->UCS,SVR,单轴抗压强度(MPa),R2,0.0,0.0
GroupKFold(UCS),Task_A: 5->UCS,SVR,单轴抗压强度(MPa),RMSE,2.0750895520373116,1.276413820248987
GroupKFold(UCS),Task_A: 5->UCS,SVR,单轴抗压强度(MPa),MAE,1.9731983496176757,1.3623218754452309
GroupKFold(UCS),Task_A: 5->UCS,Random_Forest,单轴抗压强度(MPa),R2,0.0,0.0
GroupKFold(UCS),Task_A: 5->UCS,Random_Forest,单轴抗压强度(MPa),RMSE,2.230949133348356,0.7532095071114598
GroupKFold(UCS),Task_A: 5->UCS,Random_Forest,单轴抗压强度(MPa),MAE,2.147777777777776,0.8148441650157087
GroupKFold(UCS),Task_A: 5->UCS,XGBoost,单轴抗压强度(MPa),R2,0.0,0.0
GroupKFold(UCS),Task_A: 5->UCS,XGBoost,单轴抗压强度(MPa),RMSE,2.176959962039343,0.6599030790605626
GroupKFold(UCS),Task_A: 5->UCS,XGBoost,单轴抗压强度(MPa),MAE,2.169954938358731,0.6645235068915062
KFold,"Task_B: 4->[Id,UCS]",MLP,岩石可钻性指数,R2,-0.011617095996758286,0.97731670570717
KFold,"Task_B: 4->[Id,UCS]",MLP,岩石可钻性指数,RMSE,0.1989907143243183,0.09268402348784904
KFold,"Task_B: 4->[Id,UCS]",MLP,岩石可钻性指数,MAE,0.1694556061870081,0.08361380773353885
KFold,"Task_B: 4->[Id,UCS]",MLP,单轴抗压强度(MPa),R2,0.3596012821105294,0.6068308069256574
KFold,"Task_B: 4->[Id,UCS]",MLP,单轴抗压强度(MPa),RMSE,1.559410212650749,0.26086017004357714
KFold,"Task_B: 4->[Id,UCS]",MLP,单轴抗压强度(MPa),MAE,1.2812727652808735,0.29486092326062724
KFold,"Task_B: 4->[Id,UCS]",MLP,MACRO_AVG,R2,0.17399209305688554,0.2624910324607349
KFold,"Task_B: 4->[Id,UCS]",MLP,MACRO_AVG,RMSE,0.8792004634875337,0.9619618525250201
KFold,"Task_B: 4->[Id,UCS]",MLP,MACRO_AVG,MAE,0.7253641857339408,0.7861734526348348
KFold,"Task_B: 4->[Id,UCS]",SVR,岩石可钻性指数,R2,0.7240035055733605,0.25794353150686405
KFold,"Task_B: 4->[Id,UCS]",SVR,岩石可钻性指数,RMSE,0.11035618037474722,0.05383492096820049
KFold,"Task_B: 4->[Id,UCS]",SVR,岩石可钻性指数,MAE,0.0890595008868104,0.04299679025120114
KFold,"Task_B: 4->[Id,UCS]",SVR,单轴抗压强度(MPa),R2,0.6998084257254393,0.2881123244748584
KFold,"Task_B: 4->[Id,UCS]",SVR,单轴抗压强度(MPa),RMSE,1.0326156012762584,0.3231691170223771
KFold,"Task_B: 4->[Id,UCS]",SVR,单轴抗压强度(MPa),MAE,0.8276158437916361,0.2384932964313784
KFold,"Task_B: 4->[Id,UCS]",SVR,MACRO_AVG,R2,0.7119059656493999,0.017108505031815012
KFold,"Task_B: 4->[Id,UCS]",SVR,MACRO_AVG,RMSE,0.5714858908255028,0.6521358905326369
KFold,"Task_B: 4->[Id,UCS]",SVR,MACRO_AVG,MAE,0.45833767233922323,0.5222381983563393
KFold,"Task_B: 4->[Id,UCS]",Random_Forest,岩石可钻性指数,R2,0.02347444931567677,0.29707299259697795
KFold,"Task_B: 4->[Id,UCS]",Random_Forest,岩石可钻性指数,RMSE,0.22805920980209887,0.04347205033712081
KFold,"Task_B: 4->[Id,UCS]",Random_Forest,岩石可钻性指数,MAE,0.20310107142857162,0.03964041732535681
KFold,"Task_B: 4->[Id,UCS]",Random_Forest,单轴抗压强度(MPa),R2,-0.2533249962388632,0.8197920829173644
KFold,"Task_B: 4->[Id,UCS]",Random_Forest,单轴抗压强度(MPa),RMSE,2.312660456257737,0.31903231618077676
KFold,"Task_B: 4->[Id,UCS]",Random_Forest,单轴抗压强度(MPa),MAE,2.0469142857142866,0.3662035733616689
KFold,"Task_B: 4->[Id,UCS]",Random_Forest,MACRO_AVG,R2,-0.1149252734615932,0.19572676498029176
KFold,"Task_B: 4->[Id,UCS]",Random_Forest,MACRO_AVG,RMSE,1.270359833029918,1.4740356774387111
KFold,"Task_B: 4->[Id,UCS]",Random_Forest,MACRO_AVG,MAE,1.1250076785714291,1.303772827062794
KFold,"Task_B: 4->[Id,UCS]",XGBoost,岩石可钻性指数,R2,0.2668824851190569,0.2868932045884979
KFold,"Task_B: 4->[Id,UCS]",XGBoost,岩石可钻性指数,RMSE,0.19820186347985908,0.04884981888238133
KFold,"Task_B: 4->[Id,UCS]",XGBoost,岩石可钻性指数,MAE,0.17790126522949765,0.04780730889593677
KFold,"Task_B: 4->[Id,UCS]",XGBoost,单轴抗压强度(MPa),R2,-0.025476085830242922,1.1057838228905001
KFold,"Task_B: 4->[Id,UCS]",XGBoost,单轴抗压强度(MPa),RMSE,1.906604610138509,0.6411238665691295
KFold,"Task_B: 4->[Id,UCS]",XGBoost,单轴抗压强度(MPa),MAE,1.6575940215587615,0.6075513004279244
KFold,"Task_B: 4->[Id,UCS]",XGBoost,MACRO_AVG,R2,0.12070319964440698,0.20672872805625825
KFold,"Task_B: 4->[Id,UCS]",XGBoost,MACRO_AVG,RMSE,1.052403236809184,1.2080231671600548
KFold,"Task_B: 4->[Id,UCS]",XGBoost,MACRO_AVG,MAE,0.9177476433941295,1.0463007820730361
GroupKFold(UCS),"Task_B: 4->[Id,UCS]",MLP,岩石可钻性指数,R2,-9.857938337183267,8.74080087734894
GroupKFold(UCS),"Task_B: 4->[Id,UCS]",MLP,岩石可钻性指数,RMSE,0.15261101383534253,0.1049870798234087
GroupKFold(UCS),"Task_B: 4->[Id,UCS]",MLP,岩石可钻性指数,MAE,0.13141937255822705,0.10001032138594058
GroupKFold(UCS),"Task_B: 4->[Id,UCS]",MLP,单轴抗压强度(MPa),R2,0.0,0.0
GroupKFold(UCS),"Task_B: 4->[Id,UCS]",MLP,单轴抗压强度(MPa),RMSE,1.898995680643579,1.599320022714509
GroupKFold(UCS),"Task_B: 4->[Id,UCS]",MLP,单轴抗压强度(MPa),MAE,1.7417688072631878,1.691234155984677
GroupKFold(UCS),"Task_B: 4->[Id,UCS]",MLP,MACRO_AVG,R2,-4.9289691685916335,6.970615046741127
GroupKFold(UCS),"Task_B: 4->[Id,UCS]",MLP,MACRO_AVG,RMSE,1.0258033472394608,1.2348804404603133
GroupKFold(UCS),"Task_B: 4->[Id,UCS]",MLP,MACRO_AVG,MAE,0.9365940899107075,1.138689005359801
GroupKFold(UCS),"Task_B: 4->[Id,UCS]",SVR,岩石可钻性指数,R2,-16.324787121674632,19.566758209918437
GroupKFold(UCS),"Task_B: 4->[Id,UCS]",SVR,岩石可钻性指数,RMSE,0.16454001194593265,0.06461637504089988
GroupKFold(UCS),"Task_B: 4->[Id,UCS]",SVR,岩石可钻性指数,MAE,0.13225985833514406,0.0595111529239712
GroupKFold(UCS),"Task_B: 4->[Id,UCS]",SVR,单轴抗压强度(MPa),R2,0.0,0.0
GroupKFold(UCS),"Task_B: 4->[Id,UCS]",SVR,单轴抗压强度(MPa),RMSE,1.693008417960719,0.9557982816353271
GroupKFold(UCS),"Task_B: 4->[Id,UCS]",SVR,单轴抗压强度(MPa),MAE,1.4994580180799737,0.9970365841251458
GroupKFold(UCS),"Task_B: 4->[Id,UCS]",SVR,MACRO_AVG,R2,-8.162393560837316,11.543367675162953
GroupKFold(UCS),"Task_B: 4->[Id,UCS]",SVR,MACRO_AVG,RMSE,0.9287742149533258,1.0807903747224485
GroupKFold(UCS),"Task_B: 4->[Id,UCS]",SVR,MACRO_AVG,MAE,0.8158589382075588,0.9667550899813376
GroupKFold(UCS),"Task_B: 4->[Id,UCS]",Random_Forest,岩石可钻性指数,R2,-39.28205915604265,43.03833020537977
GroupKFold(UCS),"Task_B: 4->[Id,UCS]",Random_Forest,岩石可钻性指数,RMSE,0.2704825505066163,0.13608513890434418
GroupKFold(UCS),"Task_B: 4->[Id,UCS]",Random_Forest,岩石可钻性指数,MAE,0.2502659832451499,0.15145886522835997
GroupKFold(UCS),"Task_B: 4->[Id,UCS]",Random_Forest,单轴抗压强度(MPa),R2,0.0,0.0
GroupKFold(UCS),"Task_B: 4->[Id,UCS]",Random_Forest,单轴抗压强度(MPa),RMSE,2.6977627865986133,1.2817722663488098
GroupKFold(UCS),"Task_B: 4->[Id,UCS]",Random_Forest,单轴抗压强度(MPa),MAE,2.5207976300705432,1.4305555312478297
GroupKFold(UCS),"Task_B: 4->[Id,UCS]",Random_Forest,MACRO_AVG,R2,-19.641029578021325,27.776610408208864
GroupKFold(UCS),"Task_B: 4->[Id,UCS]",Random_Forest,MACRO_AVG,RMSE,1.4841226685526148,1.7163463147807352
GroupKFold(UCS),"Task_B: 4->[Id,UCS]",Random_Forest,MACRO_AVG,MAE,1.3855318066578466,1.6055083243688948
GroupKFold(UCS),"Task_B: 4->[Id,UCS]",XGBoost,岩石可钻性指数,R2,-33.73045818107116,35.570211901737444
GroupKFold(UCS),"Task_B: 4->[Id,UCS]",XGBoost,岩石可钻性指数,RMSE,0.23179653893420665,0.11048627505747599
GroupKFold(UCS),"Task_B: 4->[Id,UCS]",XGBoost,岩石可钻性指数,MAE,0.2086921301152971,0.10873184570991593
GroupKFold(UCS),"Task_B: 4->[Id,UCS]",XGBoost,单轴抗压强度(MPa),R2,0.0,0.0
GroupKFold(UCS),"Task_B: 4->[Id,UCS]",XGBoost,单轴抗压强度(MPa),RMSE,2.515540829031621,0.8471435526714338
GroupKFold(UCS),"Task_B: 4->[Id,UCS]",XGBoost,单轴抗压强度(MPa),MAE,2.288237268394894,0.9290149993212474
GroupKFold(UCS),"Task_B: 4->[Id,UCS]",XGBoost,MACRO_AVG,R2,-16.86522909053558,23.851035712364673
GroupKFold(UCS),"Task_B: 4->[Id,UCS]",XGBoost,MACRO_AVG,RMSE,1.3736686839829138,1.6148510740239395
GroupKFold(UCS),"Task_B: 4->[Id,UCS]",XGBoost,MACRO_AVG,MAE,1.2484646992550956,1.4704604690610197
